global_total_score,total_project_cost_usd,makespan_hours,utilization,algo
0.3868842808961595,37117.4,8.8,0.0985930735930735,GHS
0.3543697719164856,35646.2,13.0,0.06673992673992674,GREEDY
0.3850534171434217,39014.7,12.6,0.0688586545729402,HS
0.3795676589911896,36431.1,10.2,0.0850606909430438,IHS
0.3772156627818575,33969.8,8.8,0.0985930735930735,MOHS
