global_total_score,total_project_cost_usd,makespan_hours,utilization,algo
0.3483149503620306,26271.7,11.0,0.0788744588744588,GHS
0.3543697719164856,35646.2,13.0,0.06673992673992674,GREEDY
0.3472595460778051,28981.2,13.0,0.0667399267399267,HS
0.3582600406669732,29556.1,13.6,0.0637955182072829,IHS
0.3772156627818575,33969.8,8.8,0.0985930735930735,MOHS
