global_total_score,total_project_cost_usd,makespan_hours,utilization,algo
0.38816151079537065,34784.0,8.8,0.09859307359307358,GHS
0.3766889656586099,30752.8,8.8,0.09859307359307358,GREEDY
0.37697380434275846,35848.3,8.8,0.09859307359307358,HS
0.37324216897648,36156.4,8.8,0.09859307359307358,IHS
0.37721566278185753,33969.8,8.8,0.09859307359307358,MOHS
