{
  "total_tasks": 2749,
  "num_levels": 2,
  "makespan_hours": 38.0,
  "total_work_hours": 6674.2,
  "avg_task_duration_hours": 2.4278646780647506,
  "p50_task_duration_hours": 2.2,
  "p90_task_duration_hours": 3.0,
  "avg_level_duration_hours": 31.6,
  "p90_level_duration_hours": 36.72,
  "total_idle_hours": 9285.8,
  "idle_ratio": 0.5818170426065163,
  "utilization": 0.4181829573934837,
  "skill_match_rate": 0.6456893415787559,
  "global_skill_matching": 0.8340123681338656,
  "global_workload_balance": 0.9978668560824255,
  "global_priority_respect": 0.23736115586043383,
  "global_skill_development": 0.3530824042967496,
  "global_cost_optimization": 0.0,
  "global_cost_efficiency": 0.0,
  "global_total_score": 0.753239085690707,
  "total_project_cost_usd": 329348.9,
  "cost_per_task_usd": 119.81,
  "cost_per_hour_usd": 49.35,
  "efficiency_score_per_1000_usd": 0.0023,
  "level_scores": [
    {
      "Topo_Level": 1,
      "num_tasks": 2730,
      "skill_matching": 0.8330769230769217,
      "workload_balance": 0.998080303943325,
      "priority_respect": 0.2366126228269141,
      "skill_development": 0.3547619047619047,
      "total": 0.7526922032969503
    },
    {
      "Topo_Level": 2,
      "num_tasks": 19,
      "skill_matching": 0.968421052631579,
      "workload_balance": 0.9671977687005597,
      "priority_respect": 0.34491353383458645,
      "skill_development": 0.11176470588235295,
      "total": 0.831817450688365
    }
  ]
}