{
  "total_tasks": 150,
  "num_levels": 1,
  "makespan_hours": 11.0,
  "total_work_hours": 364.4,
  "avg_task_duration_hours": 2.429333333333333,
  "p50_task_duration_hours": 2.2,
  "p90_task_duration_hours": 3.0999999999999943,
  "avg_level_duration_hours": 11.0,
  "p90_level_duration_hours": 11.0,
  "total_idle_hours": 4255.6,
  "idle_ratio": 0.9211255411255411,
  "utilization": 0.07887445887445887,
  "skill_match_rate": 0.6933333333333334,
  "global_skill_matching": 0.856,
  "global_workload_balance": 0.9924320745992445,
  "global_priority_respect": 0.21299497354497368,
  "global_skill_development": 0.11512605042016806,
  "global_cost_optimization": 0.7130474279874333,
  "global_cost_efficiency": 3.841524849753054e-05,
  "global_total_score": 0.6641919634726035,
  "total_project_cost_usd": 17289.8,
  "cost_per_task_usd": 115.27,
  "cost_per_hour_usd": 47.45,
  "min_possible_cost_usd": 3644.0,
  "max_possible_cost_usd": 51198.2,
  "cost_optimization": 0.713,
  "cost_efficiency_score_per_usd": 3.842e-05,
  "efficiency_score_per_1000_usd": 0.0384,
  "level_scores": [
    {
      "Topo_Level": 1,
      "num_tasks": 150,
      "skill_matching": 0.856,
      "workload_balance": 0.9924320745992445,
      "priority_respect": 0.21299497354497368,
      "skill_development": 0.11512605042016806,
      "cost_optimization": 0.7130474279874324,
      "total": 0.7354967062713467
    }
  ]
}